claim,tweet_id,label
Vitamin C cures coronavirus.,1235910609734074371,agree
Vitamin C cures coronavirus.,1234821471194767361,agree
Vitamin C cures coronavirus.,1220916806971355137,agree
Vitamin C can prevent coronavirus circulation.,1220916806971355137,agree
"There were more than 50000 cremations in Wuhan for 4th Quarter, 2019 .",1221484214228529153,agree
The Simpsons predicted COVID-19 pandemic.,1221489851045945344,agree
Drinking large amounts of water will protect against coronavirus.,1221880991268163584,agree
Essential oils cure coronavirus.,1222682108226932737,agree
The Simpsons predicted COVID-19 pandemic.,1222971432021512193,agree
Coronavirus is genetically engineered.,1222986461160427521,agree
Coronavirus is genetically engineered.,1223191787633893376,agree
Coronavirus is caused by 5G.,1223244150251933696,agree
Vitamin C cures coronavirus.,1223252740396273669,agree
Vitamin C can prevent coronavirus circulation.,1223252740396273669,agree
Drinking cow urine and applying cow dung on the body can cure covid-19.,1223309925062868994,agree
Coronavirus is genetically engineered.,1223428759761707009,agree
The Simpsons predicted COVID-19 pandemic.,1223758966209073152,agree
Coronavirus is genetically engineered.,1224423581960024064,agree
Coronavirus is genetically engineered.,1224509379996790787,agree
Drinking large amounts of water will protect against coronavirus.,1224604726613774336,agree
Coronavirus is genetically engineered.,1224677167755296768,agree
"There were more than 50000 cremations in Wuhan for 4th Quarter, 2019 .",1226011787990052865,agree
"There were more than 50000 cremations in Wuhan for 4th Quarter, 2019 .",1226546694441009154,agree
Dean Koontz predicted the pandemic in his 1981 novel The Eyes of Darkness.,1226645493129805833,agree
"There were more than 50000 cremations in Wuhan for 4th Quarter, 2019 .",1226649736624521217,agree
"There were more than 50000 cremations in Wuhan for 4th Quarter, 2019 .",1226962810493689858,agree
Dean Koontz predicted the pandemic in his 1981 novel The Eyes of Darkness.,1227406003496456194,agree
Jim Bakker's colloidal silver solution is a remedy for COVID-19.,1227707702178172930,agree
Jim Bakker's colloidal silver solution is a remedy for COVID-19.,1227998026658086921,agree
Coronavirus is genetically engineered.,1228053092567937024,agree
"There were more than 50000 cremations in Wuhan for 4th Quarter, 2019 .",1228375706129719296,agree
Jim Bakker's colloidal silver solution is a remedy for COVID-19.,1228421906862264320,agree
The Simpsons predicted COVID-19 pandemic.,1228892621843550208,agree
Dean Koontz predicted the pandemic in his 1981 novel The Eyes of Darkness.,1228895497923940352,agree
Dean Koontz predicted the pandemic in his 1981 novel The Eyes of Darkness.,1228896027987660800,agree
Dean Koontz predicted the pandemic in his 1981 novel The Eyes of Darkness.,1228937959954505729,agree
Dean Koontz predicted the pandemic in his 1981 novel The Eyes of Darkness.,1229241211875024898,agree
Coronavirus is genetically engineered.,1229304014191366145,agree
Coronavirus is genetically engineered.,1229583516297355264,agree
Dean Koontz predicted the pandemic in his 1981 novel The Eyes of Darkness.,1229625060824055808,agree
Dean Koontz predicted the pandemic in his 1981 novel The Eyes of Darkness.,1229651246593736707,agree
Dean Koontz predicted the pandemic in his 1981 novel The Eyes of Darkness.,1229785935476412421,agree
Dean Koontz predicted the pandemic in his 1981 novel The Eyes of Darkness.,1229916829252030465,agree
Coronavirus is caused by 5G.,1230160503290417155,agree
Dean Koontz predicted the pandemic in his 1981 novel The Eyes of Darkness.,1230245377539854336,agree
Chloroquine can cure coronavirus,1230368834219134976,agree
Chloroquine can cure coronavirus,1230387207552237570,agree
Chloroquine can cure coronavirus,1230388892253278209,agree
Chloroquine can cure coronavirus,1230388941381042176,agree
Chloroquine can cure coronavirus,1230413708473577478,agree
Chloroquine can cure coronavirus,1230422649966399489,agree
Chloroquine can cure coronavirus,1230430877093711872,agree
Chloroquine can cure coronavirus,1230431807415427072,agree
Chloroquine can cure coronavirus,1230449395176529920,agree
Chloroquine can cure coronavirus,1230463702148755456,agree
Coronavirus is genetically engineered.,1230546617322868736,agree
Dean Koontz predicted the pandemic in his 1981 novel The Eyes of Darkness.,1230553367866269698,agree
Coronavirus is genetically engineered.,1230658720776040450,agree
Coronavirus is genetically engineered.,1230682063738675200,agree
Chloroquine can cure coronavirus,1230722839554052096,agree
Chloroquine can cure coronavirus,1231156437134532608,agree
Vitamin C cures coronavirus.,1231972461073305601,agree
Coronavirus is genetically engineered.,1233075597837991938,agree
Chloroquine can cure coronavirus,1233279933805408256,agree
Chloroquine can cure coronavirus,1233360728536604672,agree
Salt water protects from coronavirus.,1233833044898914306,agree
Coronavirus is caused by 5G.,1233960831311699969,agree
Hand sanitiser sold commercially does not destroy the coronavirus.,1234035120690036736,agree
It is safe for individuals infected with COVID-19 to go to work.,1234037201006190592,agree
Essential oils cure coronavirus.,1234294232917008384,agree
Drinking cow urine and applying cow dung on the body can cure covid-19.,1234710087664427009,agree
Shaking hands cannot spread coronavirus.,1234795708647198720,agree
Shaking hands cannot spread coronavirus.,1234805741644632064,agree
Shaking hands cannot spread coronavirus.,1234814691618304002,agree
Shaking hands cannot spread coronavirus.,1234818686688661504,agree
Vitamin C cures coronavirus.,1234913584364150784,agree
Vitamin C cures coronavirus.,1234921665546588161,agree
Drinking cow urine and applying cow dung on the body can cure covid-19.,1234939184814710787,agree
Vitamin C cures coronavirus.,1234955596266442753,agree
Vitamin C cures coronavirus.,1234959263258284032,agree
Dean Koontz predicted the pandemic in his 1981 novel The Eyes of Darkness.,1234988152894320646,agree
Using namaste as a greeting prevents transmission of covid-19.,1235175993939234816,agree
Holy communion cannot be the cause of the spread of coronavirus,1235217259280334849,agree
Using namaste as a greeting prevents transmission of covid-19.,1235235180152946689,agree
Using namaste as a greeting prevents transmission of covid-19.,1235235760653115396,agree
Using namaste as a greeting prevents transmission of covid-19.,1235256279125225472,agree
Using namaste as a greeting prevents transmission of covid-19.,1235438477656731650,agree
Vitamin C cures coronavirus.,1235654018505949185,agree
Dean Koontz predicted the pandemic in his 1981 novel The Eyes of Darkness.,1235727062993788930,agree
Vitamin C cures coronavirus.,1236806070875512832,agree
Vitamin C cures coronavirus.,1237598929706864640,agree
Coronavirus is caused by 5G.,1237598929706864640,agree
Vitamin C can prevent coronavirus circulation.,1237598929706864640,agree
Chloroquine can cure coronavirus,1240666122166435844,agree
Vitamin C cures coronavirus.,1242669787475369985,agree
Chloroquine is a Food and Drug Administration (FDA) approved treatment for COVID-19.,1245858931366178817,agree
Chloroquine can cure coronavirus,1250225931790114816,agree
Chloroquine can cure coronavirus,1250243270866882560,agree
COVID-19 is only as deadly as the seasonal flu.,1250465053054246912,agree
"A Malabar civet was spotted walking the streets of Meppayur, India following COVID-19 lockdown",1253338251672252419,agree
Chloroquine can cure coronavirus,1253343205216706565,agree
Vitamin C can prevent coronavirus circulation.,1253657240566820864,agree
Vitamin C cures coronavirus.,1253657240566820864,agree
Vitamin D pills prevent COVID-19.,1254911488294256640,agree
COVID-19 is only as deadly as the seasonal flu.,1254956129295069184,agree
Dean Koontz predicted the pandemic in his 1981 novel The Eyes of Darkness.,1256445585474945028,agree
Using namaste as a greeting prevents transmission of covid-19.,1257136320104796160,agree
Vitamin C cures coronavirus.,1257672406153428993,agree
Jim Bakker's colloidal silver solution is a remedy for COVID-19.,1258946913342304256,agree
Vitamin D pills prevent COVID-19.,1260273818779566080,agree
Vitamin D pills prevent COVID-19.,1262833355520765952,agree
Drinking cow urine and applying cow dung on the body can cure covid-19.,1268739777802588160,agree
COVID-19 is only as deadly as the seasonal flu.,1269944033520095232,agree
Using namaste as a greeting prevents transmission of covid-19.,1270932237370851328,agree
Coronavirus is genetically engineered.,1271018704877355009,agree
Actor Keith Lawrence Middlebrook has a cure for COVID-19.,1272170231344041984,agree
Vitamin D pills prevent COVID-19.,1273544878216171520,agree
Coronavirus is caused by 5G.,1273969503601192960,agree
Shaking hands cannot spread coronavirus.,1274484674681765895,agree
COVID-19 is only as deadly as the seasonal flu.,1274888782760665088,agree
Vitamin D pills prevent COVID-19.,1275163133271818245,agree
Vitamin C cures coronavirus.,1277578536367214594,agree
Chloroquine can cure coronavirus,1277642922301820929,agree
COVID-19 is only as deadly as the seasonal flu.,1277868130572828672,agree
Chloroquine can cure coronavirus,1279227027946700800,agree
Chloroquine can cure coronavirus,1280589458182717445,agree
Chloroquine is a Food and Drug Administration (FDA) approved treatment for COVID-19.,1280689697837191168,agree
COVID-19 is only as deadly as the seasonal flu.,1281934278239166464,agree
COVID-19 is only as deadly as the seasonal flu.,1282872234953121799,agree
COVID-19 is only as deadly as the seasonal flu.,1283442986186158080,agree
Coronavirus is caused by 5G.,1283724475725492224,agree
Essential oils cure coronavirus.,1285733873129791489,agree
Coronavirus is genetically engineered.,1285830012948512768,agree
Coronavirus is caused by 5G.,1285837331560267776,agree
Coronavirus is caused by 5G.,1285862548093521920,agree
Drinking cow urine and applying cow dung on the body can cure covid-19.,1286521997212540928,agree
Drinking cow urine and applying cow dung on the body can cure covid-19.,1286533720996892673,agree
COVID-19 is only as deadly as the seasonal flu.,1287026171796889600,agree
Vitamin D pills prevent COVID-19.,1287511495597789189,agree
Chloroquine can cure coronavirus,1288444702216335360,agree
Chloroquine can cure coronavirus,1289543471947120641,agree
Vitamin D pills prevent COVID-19.,1289648048872644608,agree
Chloroquine can cure coronavirus,1290138757018947587,agree
COVID-19 is only as deadly as the seasonal flu.,1291997542507581441,agree
The Simpsons predicted COVID-19 pandemic.,1292540147964301314,agree
Vitamin D pills prevent COVID-19.,1292925812249890822,agree
Vitamin D pills prevent COVID-19.,1292953717956722690,agree
Coronavirus is genetically engineered.,1293028125140553729,agree
Vitamin D pills prevent COVID-19.,1293620722074415106,agree
Chloroquine can cure coronavirus,1293689566856196096,agree
Blowing conch shells destroys coronavirus potency.,1294501299795275777,agree
The Simpsons predicted COVID-19 pandemic.,1295364569427251205,agree
Using namaste as a greeting prevents transmission of covid-19.,1296468347853443072,agree
Hand sanitiser sold commercially does not destroy the coronavirus.,1298728224822890496,agree
COVID-19 is only as deadly as the seasonal flu.,1300553284684374017,agree
Chloroquine can cure coronavirus,1300748870499135489,agree
Vitamin D pills prevent COVID-19.,1301544684297355270,agree
Vitamin D pills prevent COVID-19.,1301898047513862146,agree
Vitamin D pills prevent COVID-19.,1301967441002598400,agree
"There were more than 50000 cremations in Wuhan for 4th Quarter, 2019 .",1302208514035789824,agree
Vitamin D pills prevent COVID-19.,1302254347871428608,agree
Vitamin D pills prevent COVID-19.,1302595581097979904,agree
Vitamin C cures coronavirus.,1302595581097979904,agree
Vitamin C can prevent coronavirus circulation.,1302595581097979904,agree
Vitamin D pills prevent COVID-19.,1302914950751498245,agree
Coronavirus is genetically engineered.,1303100121341726720,agree
It is safe for individuals infected with COVID-19 to go to work.,1303714140645720067,agree
Vitamin D pills prevent COVID-19.,1304874572731293696,agree
Vitamin C cures coronavirus.,1305117086742650880,agree
Vitamin D pills prevent COVID-19.,1305196396073619456,agree
Vitamin D pills prevent COVID-19.,1305530301171535872,agree
It is safe for individuals infected with COVID-19 to go to work.,1306944327285903361,agree
Vitamin D pills prevent COVID-19.,1307031008613732352,agree
COVID-19 is only as deadly as the seasonal flu.,1308156881622519808,agree
Vitamin D pills prevent COVID-19.,1308803376591900678,agree
COVID-19 is only as deadly as the seasonal flu.,1308950309889126401,agree
Vitamin D pills prevent COVID-19.,1309560065347727360,agree
Vitamin D pills prevent COVID-19.,1309569335925657602,agree
Vitamin D pills prevent COVID-19.,1309658957049257989,agree
Vitamin D pills prevent COVID-19.,1309738184700461056,agree
Vitamin D pills prevent COVID-19.,1310216659534258181,agree
COVID-19 is only as deadly as the seasonal flu.,1310849919956049922,agree
Vitamin D pills prevent COVID-19.,1311629657406660608,agree
Vitamin D pills prevent COVID-19.,1311701681017679876,agree
Coronavirus is genetically engineered.,1311704584889536514,agree
Vitamin D pills prevent COVID-19.,1312391963157639173,agree
Vitamin D pills prevent COVID-19.,1313007524723916800,agree
COVID-19 is only as deadly as the seasonal flu.,1313485570325319681,agree
COVID-19 is only as deadly as the seasonal flu.,1314484872757481472,agree
COVID-19 is only as deadly as the seasonal flu.,1314526303719239680,agree
It is safe for individuals infected with COVID-19 to go to work.,1315740512654163968,agree
Vitamin D pills prevent COVID-19.,1316030986128252928,agree
Vitamin D pills prevent COVID-19.,1316063468236279813,agree
Vitamin C cures coronavirus.,1317843048907251714,agree
Vitamin D pills prevent COVID-19.,1318370701292822528,agree
Vitamin D pills prevent COVID-19.,1318409110992396288,agree
Vitamin D pills prevent COVID-19.,1319367604968980480,agree
SARS-CoV-2 can survive for weeks on surfaces.,1320504663494389760,agree
Vitamin D cures coronavirus.,1321139574475759617,agree
Vitamin D pills prevent COVID-19.,1321139599960395776,agree
Vitamin D pills prevent COVID-19.,1321142116106432512,agree
Vitamin D pills prevent COVID-19.,1321243107673796608,agree
Vitamin D pills prevent COVID-19.,1321308530767527936,agree
Vitamin D pills prevent COVID-19.,1321356858511126528,agree
Vitamin D pills prevent COVID-19.,1321389446659526656,agree
Shaking hands cannot spread coronavirus.,1322429641618018304,agree
Shaking hands cannot spread coronavirus.,1322512080428322817,agree
Vitamin D pills prevent COVID-19.,1322667169394626561,agree
Vitamin D pills prevent COVID-19.,1323319636453171202,agree
Vitamin D pills prevent COVID-19.,1323573481641041920,agree
Vitamin D pills prevent COVID-19.,1324367225503936515,agree
Chloroquine can cure coronavirus,1325867537880420354,agree
We're very close to a vaccine.,1325917786074279936,agree
Vitamin D pills prevent COVID-19.,1326604631640846338,agree
COVID-19 is only as deadly as the seasonal flu.,1328225355786825728,agree
Vitamin D pills prevent COVID-19.,1328645963838263298,agree
Vitamin C cures coronavirus.,1328848579935555584,agree
Vitamin C can prevent coronavirus circulation.,1328848579935555584,agree
COVID-19 is only as deadly as the seasonal flu.,1329113541908049920,agree
COVID-19 is only as deadly as the seasonal flu.,1329147688240242690,agree
COVID-19 is only as deadly as the seasonal flu.,1329236744902995969,agree
It is safe for individuals infected with COVID-19 to go to work.,1329555629829218309,agree
COVID-19 is only as deadly as the seasonal flu.,1330853026471563264,agree
COVID-19 is only as deadly as the seasonal flu.,1331528645140213762,agree
Vitamin D pills prevent COVID-19.,1331632298165297152,agree
Vitamin D pills prevent COVID-19.,1332805137249619968,agree
Vitamin D pills prevent COVID-19.,1333062660397686789,agree
Vitamin D pills prevent COVID-19.,1333331238984232960,agree
Cocaine cures coronavirus,1221222261408972800,agree
Coronavirus is caused by 5G.,1223028055125512196,agree
Coronavirus is caused by 5G.,1223234654758756354,agree
Drinking cow urine and applying cow dung on the body can cure covid-19.,1223317975266029569,agree
Drinking cow urine and applying cow dung on the body can cure covid-19.,1223330289952276481,agree
Cocaine cures coronavirus,1224468021294641155,agree
Coronavirus is caused by 5G.,1225293993379942400,agree
Cocaine cures coronavirus,1225717399644704769,agree
Africans are more resistant to coronavirus.,1228271352123207681,agree
Coronavirus is caused by 5G.,1229730895394938880,agree
Chloroquine can cure coronavirus,1230435729387507713,agree
Chloroquine can cure coronavirus,1230541834377670656,agree
Chloroquine can cure coronavirus,1231156437134532608,agree
Vitamin C can prevent coronavirus circulation.,1231972461073305601,agree
The Simpsons predicted COVID-19 pandemic.,1232890400395821057,agree
Drinking large amounts of water will protect against coronavirus.,1233641734627844102,agree
Drinking large amounts of water will protect against coronavirus.,1233833044898914306,agree
Africans are more resistant to coronavirus.,1234183460044124161,agree
Africans are more resistant to coronavirus.,1234889726303330306,agree
Vitamin C can prevent coronavirus circulation.,1234913584364150784,agree
Vitamin C can prevent coronavirus circulation.,1234921665546588161,agree
Vitamin C can prevent coronavirus circulation.,1234955596266442753,agree
Vitamin C can prevent coronavirus circulation.,1234959263258284032,agree
Drinking large amounts of water will protect against coronavirus.,1234959263258284032,agree
Vitamin C can prevent coronavirus circulation.,1235654018505949185,agree
Vitamin C can prevent coronavirus circulation.,1236806070875512832,agree
Coronavirus is caused by 5G.,1237598929706864640,agree
Chloroquine is a Food and Drug Administration (FDA) approved treatment for COVID-19.,1240121076820201473,agree
Chloroquine can cure coronavirus,1240666122166435844,agree
Chloroquine is a Food and Drug Administration (FDA) approved treatment for COVID-19.,1240721793205166082,agree
Vitamin C can prevent coronavirus circulation.,1242669787475369985,agree
Chloroquine is a Food and Drug Administration (FDA) approved treatment for COVID-19.,1244454313365106688,agree
Coronavirus is caused by 5G.,1247344104364630016,agree
Chloroquine can cure coronavirus,1250243270866882560,agree
Chloroquine can cure coronavirus,1253343205216706565,agree
Vitamin D cures coronavirus.,1253657240566820864,agree
Coronavirus is caused by 5G.,1254070480883134467,agree
Vitamin D cures coronavirus.,1254911488294256640,agree
Vitamin D cures coronavirus.,1257027947916976129,agree
Vitamin D cures coronavirus.,1258212192354099203,agree
Vitamin D cures coronavirus.,1260273818779566080,agree
Vitamin D pills prevent COVID-19.,1260273818779566080,agree
Vitamin D cures coronavirus.,1260751542774349824,agree
Africans are more resistant to coronavirus.,1264123573016367105,agree
Coronavirus is caused by 5G.,1269279275162746883,agree
Coronavirus is caused by 5G.,1269630430170374152,agree
Vitamin D cures coronavirus.,1273244695057981440,agree
Coronavirus is caused by 5G.,1273475784313917445,agree
Vitamin D cures coronavirus.,1273582161732476930,agree
Coronavirus can only survive in cold temperatures.,1273964460240039939,agree
Coronavirus can only survive in cold temperatures.,1274300800039301122,agree
COVID-19 is only as deadly as the seasonal flu.,1277717358463893507,agree
Vitamin D cures coronavirus.,1279400038393929728,agree
Vitamin D pills prevent COVID-19.,1279400038393929728,agree
Africans are more resistant to coronavirus.,1281006638095372288,agree
COVID-19 is only as deadly as the seasonal flu.,1282872234953121799,agree
Cannabis protects against COVID-19.,1284785021023395843,agree
Coronavirus is caused by 5G.,1286030669928378374,agree
Coronavirus is caused by 5G.,1286126474257403906,agree
Coronavirus can only survive in cold temperatures.,1286642325809180672,agree
Cannabis protects against COVID-19.,1287120480583942146,agree
Vitamin D cures coronavirus.,1287511495597789189,agree
Chloroquine is a Food and Drug Administration (FDA) approved treatment for COVID-19.,1288008987233980417,agree
Cannabis protects against COVID-19.,1289298363196768263,agree
Cannabis protects against COVID-19.,1289590557077995523,agree
Vitamin D cures coronavirus.,1289648048872644608,agree
Cannabis protects against COVID-19.,1290843484216164352,agree
Vitamin D cures coronavirus.,1291152299327238145,agree
Chloroquine can cure coronavirus,1291752662262853638,agree
COVID-19 is only as deadly as the seasonal flu.,1292211500833280000,agree
Vitamin D cures coronavirus.,1292925812249890822,agree
Vitamin D pills prevent COVID-19.,1293620722074415106,agree
Vitamin D cures coronavirus.,1293620722074415106,agree
COVID-19 is only as deadly as the seasonal flu.,1293682786801528833,agree
Vitamin D cures coronavirus.,1295530204887015424,agree
Coronavirus can only survive in cold temperatures.,1297940447705407488,agree
Coronavirus can only survive in cold temperatures.,1298138312947924993,agree
Vitamin D pills prevent COVID-19.,1301505231415513091,agree
Vitamin D cures coronavirus.,1301505231415513091,agree
Vitamin D cures coronavirus.,1301544684297355270,agree
Vitamin D cures coronavirus.,1301876441399922688,agree
Vitamin D cures coronavirus.,1301898047513862146,agree
Vitamin D cures coronavirus.,1302595581097979904,agree
Vitamin D pills prevent COVID-19.,1302860819563151366,agree
Vitamin D cures coronavirus.,1302860819563151366,agree
Vitamin D cures coronavirus.,1302914950751498245,agree
Vitamin D cures coronavirus.,1303324716338491394,agree
Vitamin D pills prevent COVID-19.,1304299992241385473,agree
Coronavirus can only survive in cold temperatures.,1305024683339919360,agree
Vitamin C can prevent coronavirus circulation.,1305117086742650880,agree
Vitamin D cures coronavirus.,1305117086742650880,agree
Vitamin D cures coronavirus.,1308376596420661249,agree
Vitamin D pills prevent COVID-19.,1308376596420661249,agree
Coronavirus is caused by 5G.,1308656033846439936,agree
Vitamin D cures coronavirus.,1309260129813045248,agree
Vitamin D pills prevent COVID-19.,1309399304700862464,agree
Vitamin D cures coronavirus.,1309560065347727360,agree
Vitamin D cures coronavirus.,1309738184700461056,agree
Vitamin D pills prevent COVID-19.,1310135635139866624,agree
Vitamin D cures coronavirus.,1310175152601067521,agree
Vitamin D pills prevent COVID-19.,1310197253273980928,agree
Cannabis protects against COVID-19.,1311489434030727168,agree
Cannabis protects against COVID-19.,1312898064869396482,agree
Vitamin D cures coronavirus.,1313835295347937282,agree
Vitamin D cures coronavirus.,1316955207025201154,agree
Vitamin D cures coronavirus.,1317798531659296769,agree
Coronavirus can only survive in cold temperatures.,1318946398964862976,agree
Vitamin D cures coronavirus.,1321139574475759617,agree
Vitamin D pills prevent COVID-19.,1321139574475759617,agree
Vitamin D cures coronavirus.,1321140729507434496,agree
Vitamin D cures coronavirus.,1321142116106432512,agree
Vitamin D pills prevent COVID-19.,1321252695773220865,agree
Vitamin D cures coronavirus.,1321356858511126528,agree
Vitamin D cures coronavirus.,1321389446659526656,agree
Kenneth Copeland on Victory Channel can cure COVID-19 through the TV.,1321453095893848066,agree
Vitamin D cures coronavirus.,1323573481641041920,agree
Coronavirus is caused by 5G.,1325084463580155905,agree
Observing janata curfew will result in the reduction of covid-19 cases by 40%.,1326532222321528832,agree
Vitamin D pills prevent COVID-19.,1327277818754064385,agree
Observing janata curfew will result in the reduction of covid-19 cases by 40%.,1331540133460332546,agree
Vitamin D cures coronavirus.,1331632298165297152,agree
Vitamin D cures coronavirus.,1332805137249619968,agree
Vitamin D pills prevent COVID-19.,1333331238984232960,agree
we're very close to a vaccine.,1306324497096638464,agree
vitamin d pills prevent covid-19.,1310639159640555533,agree
vitamin d pills prevent covid-19.,1281171317845364738,agree
vitamin d pills prevent covid-19.,1277578536367214594,agree
vitamin d pills prevent covid-19.,1310175152601067521,agree
chloroquine can cure coronavirus,1297393774201577477,agree
chloroquine can cure coronavirus,1332060787674902528,agree
chloroquine can cure coronavirus,1257435700326273027,agree
chloroquine can cure coronavirus,1247344104364630016,agree
coronavirus can only survive in cold temperatures.,1233245258756055041,agree
coronavirus can only survive in cold temperatures.,1275069026591522816,agree
coronavirus can only survive in cold temperatures.,1282336122010431489,agree
coronavirus can only survive in cold temperatures.,1286642325809180672,agree
"a pod of humpback whales returned to the arabian sea offshore from mumbai, india following the covid-19 lockdown.",1243146738724036610,agree
africans are more resistant to coronavirus.,1228213190804172800,agree
africans are more resistant to coronavirus.,1301419238683443201,agree
using namaste as a greeting prevents transmission of covid-19.,1235210250812305408,agree
using namaste as a greeting prevents transmission of covid-19.,1235236985515757573,agree
using namaste as a greeting prevents transmission of covid-19.,1235249487481901057,agree
using namaste as a greeting prevents transmission of covid-19.,1270932237370851328,agree
using namaste as a greeting prevents transmission of covid-19.,1235250535655231489,agree
coronavirus can only survive in cold temperatures.,1229723465088892928,agree
coronavirus can only survive in cold temperatures.,1272521743538819073,agree
coronavirus can only survive in cold temperatures.,1229969003780694017,agree
africans are more resistant to coronavirus.,1275531777629540353,agree
africans are more resistant to coronavirus.,1327333253695631361,agree
africans are more resistant to coronavirus.,1309464622630567936,agree
africans are more resistant to coronavirus.,1234271530059624449,agree
we're very close to a vaccine.,1328417467375357952,agree
we're very close to a vaccine.,1277214331785142273,agree
we're very close to a vaccine.,1305292346129559553,agree
we're very close to a vaccine.,1308949046153883650,agree
drinking large amounts of water will protect against coronavirus.,1235038238974173184,agree
drinking large amounts of water will protect against coronavirus.,1222821284746186752,agree
"there were more than 50000 cremations in wuhan for 4th quarter, 2019 .",1226546694441009154,agree
"there were more than 50000 cremations in wuhan for 4th quarter, 2019 .",1226321939297267714,agree
"there were more than 50000 cremations in wuhan for 4th quarter, 2019 .",1226011787990052865,agree
vitamin d cures coronavirus.,1238076851794436096,agree
vitamin d cures coronavirus.,1273582161732476930,agree
vitamin d cures coronavirus.,1277578536367214594,agree
chloroquine is a food and drug administration (fda) approved treatment for covid-19.,1242424639072153601,agree
chloroquine is a food and drug administration (fda) approved treatment for covid-19.,1272570721412067330,agree
chloroquine is a food and drug administration (fda) approved treatment for covid-19.,1288799343135293441,agree
water polution decreased in venice canals following covid-19 lockdown.,1239791207020191744,agree
jim bakker's colloidal silver solution is a remedy for covid-19.,1227803953460543488,agree
jim bakker's colloidal silver solution is a remedy for covid-19.,1227768555158081541,agree
we're very close to a vaccine.,1288353647210962944,agree
we're very close to a vaccine.,1325828815558479873,agree
vitamin d pills prevent covid-19.,1261880860204134401,agree
vitamin d pills prevent covid-19.,1309563949025812480,agree
vitamin d pills prevent covid-19.,1320673928893878273,agree
dean koontz predicted the pandemic in his 1981 novel the eyes of darkness.,1235456285618909185,agree
dean koontz predicted the pandemic in his 1981 novel the eyes of darkness.,1234988152894320646,agree
vitamin c can prevent coronavirus circulation.,1233641734627844102,agree
vitamin c can prevent coronavirus circulation.,1315621733374791680,agree
vitamin c can prevent coronavirus circulation.,1291430009480126465,agree
coronavirus is genetically engineered.,1269901882794758145,agree
coronavirus is genetically engineered.,1228477615490682882,agree
coronavirus is genetically engineered.,1232397472221270017,agree
coronavirus is genetically engineered.,1304916933687390209,agree
sars-cov-2 can survive for weeks on surfaces.,1231295364927541249,agree
drinking corona-brand beer causes covid-19.,1221490575918223360,agree
drinking corona-brand beer causes covid-19.,1233460069683093504,agree
drinking corona-brand beer causes covid-19.,1233253413120593920,agree
essential oils cure coronavirus.,1285733873129791489,agree
essential oils cure coronavirus.,1235563584047820803,agree
cocaine cures coronavirus,1225717399644704769,agree
covid-19 is only as deadly as the seasonal flu.,1283237281206337538,agree
sars-cov-2 can survive for weeks on surfaces.,1315670699030310912,agree
sars-cov-2 can survive for weeks on surfaces.,1225810494772187137,agree
sars-cov-2 can survive for weeks on surfaces.,1230507919256453120,agree
sars-cov-2 can survive for weeks on surfaces.,1235042539314352129,agree
sars-cov-2 can survive for weeks on surfaces.,1315525772023525376,agree
hand sanitiser sold commercially does not destroy the coronavirus.,1312979813234290689,agree
hand sanitiser sold commercially does not destroy the coronavirus.,1248344126967492608,agree
covid-19 is only as deadly as the seasonal flu.,1293735303581249537,agree
covid-19 is only as deadly as the seasonal flu.,1320749487057444870,agree
sars-cov-2 can survive for weeks on surfaces.,1315510046336462848,agree
sars-cov-2 can survive for weeks on surfaces.,1320666377112473601,agree
"there were more than 50000 cremations in wuhan for 4th quarter, 2019 .",1225932747555762179,agree
"there were more than 50000 cremations in wuhan for 4th quarter, 2019 .",1224838798833528832,agree
"there were more than 50000 cremations in wuhan for 4th quarter, 2019 .",1230004649207508993,agree
"there were more than 50000 cremations in wuhan for 4th quarter, 2019 .",1302208514035789824,agree
"there were more than 50000 cremations in wuhan for 4th quarter, 2019 .",1222889944030633985,agree
we're very close to a vaccine.,1325768996176715782,agree
we're very close to a vaccine.,1325790114782515203,agree
we're very close to a vaccine.,1328356039096479745,agree
we're very close to a vaccine.,1293506406071635968,agree
africans are more resistant to coronavirus.,1309530659774509057,agree
africans are more resistant to coronavirus.,1325713640146804737,agree
africans are more resistant to coronavirus.,1228271352123207681,agree
africans are more resistant to coronavirus.,1310221664324661251,agree
Vitamin C cures coronavirus.,1328699006055288832,disagree
Essential oils cure coronavirus.,1234220859759480834,disagree
Vitamin C cures coronavirus.,1282384068575993858,disagree
Vitamin C can prevent coronavirus circulation.,1282384068575993858,disagree
Drinking Corona-brand beer causes COVID-19.,1221502850267828224,disagree
Shaking hands cannot spread coronavirus.,1228821306910470145,disagree
We're very close to a vaccine.,1232331707568685056,disagree
We're very close to a vaccine.,1232374598815174664,disagree
Shaking hands cannot spread coronavirus.,1232742338834968576,disagree
Shaking hands cannot spread coronavirus.,1233143181480300544,disagree
Shaking hands cannot spread coronavirus.,1233154246440128512,disagree
Chloroquine can cure coronavirus,1233300971280912384,disagree
Shaking hands cannot spread coronavirus.,1233324452022308865,disagree
Shaking hands cannot spread coronavirus.,1233336660152274944,disagree
Drinking Corona-brand beer causes COVID-19.,1233348455587864576,disagree
Drinking Corona-brand beer causes COVID-19.,1233406525491814400,disagree
Drinking Corona-brand beer causes COVID-19.,1233478491124924417,disagree
Drinking Corona-brand beer causes COVID-19.,1233534604889460737,disagree
Shaking hands cannot spread coronavirus.,1233565583645593600,disagree
Shaking hands cannot spread coronavirus.,1233568757575905281,disagree
Shaking hands cannot spread coronavirus.,1233770352565719041,disagree
Essential oils cure coronavirus.,1233800597352087552,disagree
Shaking hands cannot spread coronavirus.,1233826545598369797,disagree
COVID-19 is only as deadly as the seasonal flu.,1233896040257990659,disagree
Hand sanitiser sold commercially does not destroy the coronavirus.,1233922796255760385,disagree
Shaking hands cannot spread coronavirus.,1234104031557099520,disagree
Shaking hands cannot spread coronavirus.,1234183405975326720,disagree
Drinking Corona-brand beer causes COVID-19.,1234204419446755329,disagree
Drinking Corona-brand beer causes COVID-19.,1234238504768589825,disagree
Jim Bakker's colloidal silver solution is a remedy for COVID-19.,1234410677063880706,disagree
It is safe for individuals infected with COVID-19 to go to work.,1234640011187949573,disagree
Boiled ginger can cure coronavirus.,1234770357472677888,disagree
Shaking hands cannot spread coronavirus.,1234801103696515076,disagree
Shaking hands cannot spread coronavirus.,1234808733529726976,disagree
Shaking hands cannot spread coronavirus.,1234828141190897664,disagree
Shaking hands cannot spread coronavirus.,1234829646245613569,disagree
Vitamin C cures coronavirus.,1234841746221281280,disagree
Vitamin C can prevent coronavirus circulation.,1234841746221281280,disagree
Shaking hands cannot spread coronavirus.,1234842758491361281,disagree
Shaking hands cannot spread coronavirus.,1234845327544528896,disagree
Shaking hands cannot spread coronavirus.,1234852278542012416,disagree
Shaking hands cannot spread coronavirus.,1234866764711972864,disagree
Shaking hands cannot spread coronavirus.,1234869580864139269,disagree
Essential oils cure coronavirus.,1234870589350871041,disagree
Shaking hands cannot spread coronavirus.,1234872600410697729,disagree
Shaking hands cannot spread coronavirus.,1234873116737839111,disagree
Shaking hands cannot spread coronavirus.,1234878572143239168,disagree
Drinking Corona-brand beer causes COVID-19.,1234885415548702720,disagree
Hand sanitiser sold commercially does not destroy the coronavirus.,1234888549440393216,disagree
Shaking hands cannot spread coronavirus.,1234900728394735618,disagree
Shaking hands cannot spread coronavirus.,1234903268029009921,disagree
Shaking hands cannot spread coronavirus.,1234910273137455105,disagree
Shaking hands cannot spread coronavirus.,1234929785463283712,disagree
Shaking hands cannot spread coronavirus.,1234939905064738821,disagree
Shaking hands cannot spread coronavirus.,1234990028587028481,disagree
Shaking hands cannot spread coronavirus.,1235054304072892416,disagree
Holy communion cannot be the cause of the spread of coronavirus,1235083359501430789,disagree
Hand sanitiser sold commercially does not destroy the coronavirus.,1235096386506350592,disagree
Holy communion cannot be the cause of the spread of coronavirus,1235115866020139009,disagree
Vitamin C can prevent coronavirus circulation.,1235159879255552007,disagree
COVID-19 is only as deadly as the seasonal flu.,1235193261226156032,disagree
Shaking hands cannot spread coronavirus.,1235232217363816449,disagree
Shaking hands cannot spread coronavirus.,1235233876974460929,disagree
Hand sanitiser sold commercially does not destroy the coronavirus.,1235236156750606336,disagree
Shaking hands cannot spread coronavirus.,1235236985515757573,disagree
Shaking hands cannot spread coronavirus.,1235238561022169088,disagree
Hand sanitiser sold commercially does not destroy the coronavirus.,1235272512314933250,disagree
COVID-19 is only as deadly as the seasonal flu.,1235778925608960001,disagree
Shaking hands cannot spread coronavirus.,1236097750543949824,disagree
Essential oils cure coronavirus.,1236168834857476097,disagree
Shaking hands cannot spread coronavirus.,1236230382321876992,disagree
Shaking hands cannot spread coronavirus.,1236472206139555840,disagree
Shaking hands cannot spread coronavirus.,1237511180144373760,disagree
Drinking large amounts of water will protect against coronavirus.,1238777196371558400,disagree
Hand sanitiser sold commercially does not destroy the coronavirus.,1241458786545668097,disagree
Chloroquine can cure coronavirus,1241544896307224576,disagree
Chloroquine can cure coronavirus,1242212365426253824,disagree
COVID-19 is only as deadly as the seasonal flu.,1245519519088611329,disagree
Coronavirus is caused by 5G.,1246171088071032833,disagree
Coronavirus is caused by 5G.,1246227107547697154,disagree
Shaking hands cannot spread coronavirus.,1254949837260361728,disagree
Coronavirus is genetically engineered.,1255869722828079104,disagree
Coronavirus is genetically engineered.,1255940127873998854,disagree
It is safe for individuals infected with COVID-19 to go to work.,1261439185472368641,disagree
Chloroquine can cure coronavirus,1268207072908361728,disagree
Coronavirus is caused by 5G.,1269965924158918658,disagree
Chloroquine is a Food and Drug Administration (FDA) approved treatment for COVID-19.,1272551473604411393,disagree
Chloroquine can cure coronavirus,1272551473604411393,disagree
Chloroquine is a Food and Drug Administration (FDA) approved treatment for COVID-19.,1272564677722157057,disagree
Shaking hands cannot spread coronavirus.,1274159103816994816,disagree
It is safe for individuals infected with COVID-19 to go to work.,1275498911755616259,disagree
Hand sanitiser sold commercially does not destroy the coronavirus.,1280132009864683522,disagree
Coronavirus is caused by 5G.,1280187534702784520,disagree
Coronavirus is caused by 5G.,1281621069678379009,disagree
It is safe for individuals infected with COVID-19 to go to work.,1283807466917031936,disagree
It is safe for individuals infected with COVID-19 to go to work.,1284914642045808640,disagree
Shaking hands cannot spread coronavirus.,1289558949922971653,disagree
It is safe for individuals infected with COVID-19 to go to work.,1290890375805239296,disagree
COVID-19 is only as deadly as the seasonal flu.,1291122197092659200,disagree
Shaking hands cannot spread coronavirus.,1291337006279262209,disagree
Boiled ginger can cure coronavirus.,1292011444448395269,disagree
COVID-19 is only as deadly as the seasonal flu.,1292269941219942401,disagree
Blowing conch shells destroys coronavirus potency.,1294526589913374720,disagree
Blowing conch shells destroys coronavirus potency.,1295030217707098112,disagree
It is safe for individuals infected with COVID-19 to go to work.,1297824818419642368,disagree
It is safe for individuals infected with COVID-19 to go to work.,1299212965951025152,disagree
We're very close to a vaccine.,1303040452577374208,disagree
COVID-19 is only as deadly as the seasonal flu.,1303751382500102144,disagree
COVID-19 is only as deadly as the seasonal flu.,1303807925841014794,disagree
COVID-19 is only as deadly as the seasonal flu.,1303815275943395328,disagree
COVID-19 is only as deadly as the seasonal flu.,1303855409036488706,disagree
Blowing conch shells destroys coronavirus potency.,1305460634260090881,disagree
Drinking cow urine and applying cow dung on the body can cure covid-19.,1305471166253998081,disagree
Blowing conch shells destroys coronavirus potency.,1305481517238345728,disagree
Coronavirus is genetically engineered.,1306032670154129414,disagree
Shaking hands cannot spread coronavirus.,1306687185127645197,disagree
Shaking hands cannot spread coronavirus.,1306738756578238464,disagree
Shaking hands cannot spread coronavirus.,1309096083453341701,disagree
Vitamin C cures coronavirus.,1310830391138361344,disagree
Coronavirus is caused by 5G.,1311029819887493124,disagree
SARS-CoV-2 can survive for weeks on surfaces.,1312563540532826113,disagree
The lifetime of SARS-CoV-2 is only 12 hours.,1312563540532826113,disagree
COVID-19 is only as deadly as the seasonal flu.,1313497816166211584,disagree
COVID-19 is only as deadly as the seasonal flu.,1313509603188051975,disagree
COVID-19 is only as deadly as the seasonal flu.,1313647922790232070,disagree
COVID-19 is only as deadly as the seasonal flu.,1313758628999036928,disagree
COVID-19 is only as deadly as the seasonal flu.,1314800588392202246,disagree
COVID-19 is only as deadly as the seasonal flu.,1315457198114459649,disagree
COVID-19 is only as deadly as the seasonal flu.,1317579723992666112,disagree
Coronavirus is caused by 5G.,1319295528182665216,disagree
COVID-19 is only as deadly as the seasonal flu.,1322910083861413889,disagree
COVID-19 is only as deadly as the seasonal flu.,1322975186811940864,disagree
Vitamin C cures coronavirus.,1330390878729461760,disagree
Vitamin D cures coronavirus.,1328699006055288832,disagree
COVID-19 is only as deadly as the seasonal flu.,1223241354479906816,disagree
Coronavirus can only survive in cold temperatures.,1223055461034971136,disagree
Miracle Mineral Suppliment (MMS) will prevent and cure COVID-19.,1223291694243897345,disagree
Jim Bakker's colloidal silver solution is a remedy for COVID-19.,1227693223214186498,disagree
Coronavirus is caused by 5G.,1234752173755510793,disagree
Coronavirus can only survive in cold temperatures.,1235042539314352129,disagree
Drinking cow urine and applying cow dung on the body can cure covid-19.,1235056669949911040,disagree
Cocaine cures coronavirus,1236915792563838977,disagree
Cocaine cures coronavirus,1236998187799457792,disagree
Cocaine cures coronavirus,1237126549851320320,disagree
Cocaine cures coronavirus,1237315001087647744,disagree
Cocaine cures coronavirus,1237755253887508486,disagree
Chloroquine can cure coronavirus,1242230018970923015,disagree
Clapping will kill coronavirus.,1243362392815185923,disagree
Coronavirus is caused by 5G.,1246932240967311363,disagree
Coronavirus is caused by 5G.,1247132040429998081,disagree
Chloroquine is a Food and Drug Administration (FDA) approved treatment for COVID-19.,1247137866561576960,disagree
Coronavirus is caused by 5G.,1247458709518929920,disagree
Chloroquine can cure coronavirus,1249679753608605696,disagree
Coronavirus is caused by 5G.,1254435137607131142,disagree
Chloroquine is a Food and Drug Administration (FDA) approved treatment for COVID-19.,1257833145719758849,disagree
Africans are more resistant to coronavirus.,1257958051623174146,disagree
Jim Bakker's colloidal silver solution is a remedy for COVID-19.,1259483368779112455,disagree
Coronavirus is caused by 5G.,1262413051439075334,disagree
Chloroquine is a Food and Drug Administration (FDA) approved treatment for COVID-19.,1262503326056357890,disagree
Chloroquine is a Food and Drug Administration (FDA) approved treatment for COVID-19.,1264997841765728256,disagree
Chloroquine is a Food and Drug Administration (FDA) approved treatment for COVID-19.,1268622862115635200,disagree
Coronavirus is caused by 5G.,1271311953797906435,disagree
Kenneth Copeland on Victory Channel can cure COVID-19 through the TV.,1271724880577171456,disagree
Chloroquine can cure coronavirus,1272551473604411393,disagree
Chloroquine is a Food and Drug Administration (FDA) approved treatment for COVID-19.,1272559295394205698,disagree
Chloroquine is a Food and Drug Administration (FDA) approved treatment for COVID-19.,1272569589780660227,disagree
Chloroquine is a Food and Drug Administration (FDA) approved treatment for COVID-19.,1272572083738902530,disagree
Chloroquine is a Food and Drug Administration (FDA) approved treatment for COVID-19.,1273473286253555712,disagree
Chloroquine can cure coronavirus,1275791486269997056,disagree
Coronavirus is caused by 5G.,1277614917391089665,disagree
Coronavirus is caused by 5G.,1278359508255830016,disagree
Africans are more resistant to coronavirus.,1281045912131964928,disagree
Cannabis protects against COVID-19.,1286240063635038208,disagree
Coronavirus is caused by 5G.,1286408883234197504,disagree
Coronavirus is caused by 5G.,1286644007217565696,disagree
Chloroquine is a Food and Drug Administration (FDA) approved treatment for COVID-19.,1288081450516922368,disagree
Coronavirus is caused by 5G.,1300807568013619201,disagree
Vitamin D cures coronavirus.,1302892639193194497,disagree
Coronavirus is caused by 5G.,1307892597726216192,disagree
Clapping will kill coronavirus.,1308292223683891201,disagree
Miracle Mineral Suppliment (MMS) will prevent and cure COVID-19.,1310830391138361344,disagree
Africans are more resistant to coronavirus.,1316816188429733889,disagree
Coronavirus is caused by 5G.,1319295528182665216,disagree
Coronavirus is caused by 5G.,1320416363496853504,disagree
Cocaine cures coronavirus,1329926070557044737,disagree
Cocaine cures coronavirus,1329930374185582595,disagree
Cocaine cures coronavirus,1329975342979633165,disagree
Vitamin D cures coronavirus.,1330390878729461760,disagree
Vitamin D pills prevent COVID-19.,1330390878729461760,disagree
Coronavirus is caused by 5G.,1332913812853444608,disagree
the lifetime of sars-cov-2 is only 12 hours.,1274300800039301122,disagree
the lifetime of sars-cov-2 is only 12 hours.,1226778450586787840,disagree
the lifetime of sars-cov-2 is only 12 hours.,1312563540532826113,disagree
the lifetime of sars-cov-2 is only 12 hours.,1226774487351169024,disagree
we're very close to a vaccine.,1297651083532283905,disagree
there will be 500 deaths at the end of the pandemic.,1318875036334383104,disagree
there will be 500 deaths at the end of the pandemic.,1278673501516451840,disagree
there will be 500 deaths at the end of the pandemic.,1318531544475074561,disagree
there will be 500 deaths at the end of the pandemic.,1297046746405777408,disagree
chloroquine can cure coronavirus,1262495209721597952,disagree
coronavirus can only survive in cold temperatures.,1332925816913661952,disagree
it is safe for individuals infected with covid-19 to go to work.,1243134885700628480,disagree
it is safe for individuals infected with covid-19 to go to work.,1291085083412033537,disagree
the lifetime of sars-cov-2 is only 12 hours.,1320197388800299011,disagree
the lifetime of sars-cov-2 is only 12 hours.,1221351299880574976,disagree
chloroquine is a food and drug administration (fda) approved treatment for covid-19.,1274398156105691137,disagree
chloroquine is a food and drug administration (fda) approved treatment for covid-19.,1272572083738902530,disagree
chloroquine is a food and drug administration (fda) approved treatment for covid-19.,1272585539590512642,disagree
chloroquine is a food and drug administration (fda) approved treatment for covid-19.,1289928478817624064,disagree
chloroquine is a food and drug administration (fda) approved treatment for covid-19.,1281642215958360064,disagree
coronavirus can only survive in cold temperatures.,1276586863646646275,disagree
drinking large amounts of water will protect against coronavirus.,1238777196371558400,disagree
there will be 500 deaths at the end of the pandemic.,1321487613916860416,disagree
there will be 500 deaths at the end of the pandemic.,1292969044480589824,disagree
chloroquine is a food and drug administration (fda) approved treatment for covid-19.,1289956677484081153,disagree
covid-19 is only as deadly as the seasonal flu.,1319719568479313920,disagree
covid-19 is only as deadly as the seasonal flu.,1313488128053837829,disagree
covid-19 is only as deadly as the seasonal flu.,1314136980175958017,disagree
covid-19 is only as deadly as the seasonal flu.,1289408552902131713,disagree
covid-19 is only as deadly as the seasonal flu.,1289727888648855553,disagree
covid-19 is only as deadly as the seasonal flu.,1313758628999036928,disagree
covid-19 is only as deadly as the seasonal flu.,1270646607328038913,disagree
covid-19 is only as deadly as the seasonal flu.,1233867569049853954,disagree
we're very close to a vaccine.,1327490292656656385,disagree
we're very close to a vaccine.,1306942070247038977,disagree
we're very close to a vaccine.,1298816677057101824,disagree
shaking hands cannot spread coronavirus.,1234900728394735618,disagree
shaking hands cannot spread coronavirus.,1234808733529726976,disagree
shaking hands cannot spread coronavirus.,1235054304072892416,disagree
shaking hands cannot spread coronavirus.,1313451587327733763,disagree
shaking hands cannot spread coronavirus.,1234828141190897664,disagree
drinking corona-brand beer causes covid-19.,1233406525491814400,disagree
the lifetime of sars-cov-2 is only 12 hours.,1318348805062955009,disagree
the lifetime of sars-cov-2 is only 12 hours.,1315565143439310848,disagree
the lifetime of sars-cov-2 is only 12 hours.,1234928461241815041,disagree
the lifetime of sars-cov-2 is only 12 hours.,1221516321457868802,disagree
the lifetime of sars-cov-2 is only 12 hours.,1226784315133980672,disagree
sars-cov-2 can survive for weeks on surfaces.,1234150891797860353,disagree
sars-cov-2 can survive for weeks on surfaces.,1237825492033474560,disagree
sars-cov-2 can survive for weeks on surfaces.,1312563540532826113,disagree
cannabis protects against covid-19.,1226227851625500673,disagree
drinking corona-brand beer causes covid-19.,1233534604889460737,disagree
drinking corona-brand beer causes covid-19.,1222471977765486592,disagree
covid-19 is only as deadly as the seasonal flu.,1246437509879431169,disagree
covid-19 is only as deadly as the seasonal flu.,1313606402779295751,disagree
covid-19 is only as deadly as the seasonal flu.,1252252026832109576,disagree
shaking hands cannot spread coronavirus.,1235090922301341696,disagree
shaking hands cannot spread coronavirus.,1236097750543949824,disagree
shaking hands cannot spread coronavirus.,1288359040398036992,disagree
shaking hands cannot spread coronavirus.,1235170711083397125,disagree
hand sanitiser sold commercially does not destroy the coronavirus.,1260485681987584001,disagree
hand sanitiser sold commercially does not destroy the coronavirus.,1284039206017200129,disagree
hand sanitiser sold commercially does not destroy the coronavirus.,1234873669253361664,disagree
hand sanitiser sold commercially does not destroy the coronavirus.,1233799741848215553,disagree
hand sanitiser sold commercially does not destroy the coronavirus.,1233238423613427712,disagree
covid-19 is only as deadly as the seasonal flu.,1323581432804134912,disagree
covid-19 is only as deadly as the seasonal flu.,1296206375383699472,disagree
covid-19 is only as deadly as the seasonal flu.,1248806889472831493,disagree
there will be 500 deaths at the end of the pandemic.,1305824536194174983,disagree
there will be 500 deaths at the end of the pandemic.,1308471761391026181,disagree
there will be 500 deaths at the end of the pandemic.,1308554188050268160,disagree
there will be 500 deaths at the end of the pandemic.,1296397507854049280,disagree
there will be 500 deaths at the end of the pandemic.,1318703547442221056,disagree
sars-cov-2 can survive for weeks on surfaces.,1225809608712818689,disagree
sars-cov-2 can survive for weeks on surfaces.,1224326625749131265,disagree
hand sanitiser sold commercially does not destroy the coronavirus.,1233571407952367616,disagree
we're very close to a vaccine.,1311410834116153347,disagree
africans are more resistant to coronavirus.,1297913117226274816,disagree